,Fahrrad,Fuß,MIV (Fahrer),MIV (Mitfahrer),percentage sum,ÖPV
value,3.670510946436779,2.7172801989618445,54.93154538202242,20.983911204976504,100.0,17.69675226760245
