,Fahrrad,Fuß,MIV (Fahrer),MIV (Mitfahrer),percentage sum,ÖPV
value,4.685533749230234,2.8006104581113282,39.056824368345424,20.149580086927806,100.0,33.3074513373852
